{"cameraMode":{"drawMode":0,"name":"Shaded","section":"Shading Mode"},"sceneLighting":false,"audioPlay":false,"sceneViewState":{"showFog":true,"showMaterialUpdate":false,"showSkybox":false,"showFlares":true,"showImageEffects":true,"showParticleSystems":true},"in2DMode":false,"pivot":{"x":0.2586574852466583,"y":0.5428435802459717,"z":-0.45483410358428957},"rotation":{"x":0.012066181749105454,"y":0.9837046265602112,"z":-0.07194044440984726,"w":0.1649133861064911},"size":1.1598219871520997,"orthographic":false}